"v1"	"v2"	"asso"	"diss"	"adja"
"1"	"1747"	"33011"	0.769871369618745	0.339211313476758	0.660788686523242
"2"	"1747"	"38304"	-0.573272379218414	0.88692513190754	0.11307486809246
"3"	"1747"	"38286"	-0.667846660833732	0.913194026708928	0.0868059732910722
"4"	"1747"	"1232427"	-0.623000059152868	0.900832964303835	0.0991670356961654
"5"	"1747"	"1528099"	0.590478758268903	0.452504829659915	0.547495170340085
"6"	"1747"	"1273"	-0.456253149074243	0.853303330907082	0.146696669092918
"7"	"1747"	"47770"	0.560407597053968	0.468824275686547	0.531175724313453
"8"	"1747"	"1282"	-0.640330784948257	0.905629831925897	0.094370168074103
"9"	"1747"	"1290"	-0.907783324056531	0.976673774618867	0.0233262253811328
"10"	"1747"	"1597781"	0.621936250807115	0.434777960108884	0.565222039891116
"11"	"1747"	"1283"	-0.775942046444485	0.942322144079318	0.0576778559206823
"12"	"1747"	"1280"	-0.822378009299918	0.954562205751914	0.0454377942480861
"13"	"1747"	"29382"	-0.516263693771561	0.870707670165929	0.129292329834071
"14"	"1747"	"1292"	-0.614906453845512	0.898584012167341	0.101415987832659
"15"	"1747"	"28035"	-0.451370529169173	0.851871624474361	0.148128375525639
"16"	"1747"	"29385"	-0.479902385275595	0.86020415753343	0.13979584246657
"17"	"1747"	"45972"	-0.579190147422115	0.888591623700706	0.111408376299294
"18"	"1747"	"38289"	-0.622079985887391	0.900577588519554	0.0994224114804457
"19"	"1747"	"1852390"	-0.464366629071018	0.855677108806534	0.144322891193466
"20"	"1747"	"43770"	-0.627800467544997	0.90216419446379	0.0978358055362104
"21"	"1747"	"1828"	0.489435034555514	0.505254869073266	0.494745130926734
"22"	"1747"	"1270"	-0.565423256771774	0.884709911997083	0.115290088002917
"23"	"1747"	"71999"	-0.506532700860173	0.867909183284799	0.132090816715201
"24"	"1747"	"2017484"	0.773444067710971	0.336567922037312	0.663432077962688
"25"	"1747"	"33010"	0.620550903525001	0.435573814912581	0.564426185087419
"26"	"1747"	"546874"	0.59480878530276	0.450106217851542	0.549893782148458
"27"	"1747"	"2082386"	0.47494049953187	0.512376570731006	0.487623429268994
"28"	"1747"	"639200"	0.47425625297181	0.512710321247871	0.487289678752129
"29"	"1747"	"108980"	-0.484775176602846	0.861619166628403	0.138380833371597
"30"	"33011"	"38286"	-0.522800644257924	0.872582558918617	0.127417441081383
"31"	"33011"	"1232427"	-0.497854996124026	0.865405972975697	0.134594027024303
"32"	"33011"	"53374"	-0.509695637008524	0.868819784825519	0.131180215174481
"33"	"33011"	"1528099"	0.624072196599937	0.433548038514801	0.566451961485199
"34"	"33011"	"1290"	-0.73729877224953	0.932013619066141	0.0679863809338593
"35"	"33011"	"29388"	-0.472556873048849	0.858066685359841	0.141933314640159
"36"	"33011"	"1260"	0.538818474195325	0.480198670242159	0.519801329757841
"37"	"33011"	"1597781"	0.478402073198115	0.510684798482334	0.489315201517666
"38"	"33011"	"1283"	-0.652691651374293	0.909035656994348	0.0909643430056518
"39"	"33011"	"1280"	-0.673617879253822	0.914772616351687	0.0852273836483127
"40"	"33011"	"29382"	-0.518527422318938	0.87135739576793	0.12864260423207
"41"	"33011"	"1292"	-0.626363545420066	0.901765919022244	0.0982340809777557
"42"	"33011"	"28035"	-0.492794576445893	0.86394287324044	0.13605712675956
"43"	"33011"	"29385"	-0.543109864942762	0.878381996896214	0.121618003103786
"44"	"33011"	"45972"	-0.572225305986938	0.886629941403667	0.113370058596333
"45"	"33011"	"38289"	-0.559378237091021	0.883000067126561	0.116999932873439
"46"	"33011"	"43770"	-0.674535402564704	0.915023333736551	0.0849766662634488
"47"	"33011"	"1717"	-0.521467929197981	0.872200644690768	0.127799355309232
"48"	"33011"	"1270"	-0.581306900879059	0.889186960340473	0.110813039659527
"49"	"33011"	"71999"	-0.456324746872692	0.85332430730429	0.14667569269571
"50"	"33011"	"2017484"	0.632429964259019	0.428701548714826	0.571298451285174
"51"	"33011"	"33010"	0.844232739809695	0.27907638756289	0.72092361243711
"52"	"33011"	"546874"	0.525761552535706	0.486948892320485	0.513051107679515
"53"	"33011"	"2806262"	0.508651334840009	0.495655457530728	0.504344542469272
"54"	"33011"	"1404411"	0.450489221247569	0.524171145119812	0.475828854880188
"55"	"33011"	"108980"	-0.47313624119196	0.858235469201769	0.141764530798231
"56"	"2559073"	"38290"	0.467541113729489	0.515974265962224	0.484025734037776
"57"	"2559073"	"946333"	-0.490365838472832	0.863239780846791	0.136760219153209
"58"	"161879"	"161899"	0.582108009123518	0.457106109605025	0.542893890394975
"59"	"161879"	"28037"	0.598405007714579	0.448104336223954	0.551895663776046
"60"	"38304"	"38286"	0.563888248533824	0.466964533699389	0.533035466300611
"61"	"38304"	"1232427"	0.479379212760213	0.510206226559313	0.489793773440687
"62"	"38304"	"1282"	0.610308223122211	0.4414135118445	0.5585864881555
"63"	"38304"	"1290"	0.656624130029601	0.414352428477497	0.585647571522503
"64"	"38304"	"170573"	0.465328626618581	0.51704514956695	0.48295485043305
"65"	"38304"	"1283"	0.660389848790977	0.412074114213101	0.587925885786899
"66"	"38304"	"1280"	0.477860700789802	0.510949752524746	0.489050247475254
"67"	"38304"	"29380"	0.536272082830357	0.481522542135694	0.518477457864306
"68"	"38304"	"28035"	0.467136355338737	0.516170342358636	0.483829657641364
"69"	"38304"	"29385"	0.483198897409504	0.5083311433458	0.4916688566542
"70"	"38304"	"33034"	-0.458446705463963	0.853945755146064	0.146054244853936
"71"	"38304"	"1852390"	0.466903470584238	0.516283124562367	0.483716875437633
"72"	"38304"	"43770"	0.495783196351877	0.502103975112786	0.497896024887214
"73"	"38304"	"61592"	-0.458889451715391	0.854075363101931	0.145924636898069
"74"	"38304"	"1270"	0.512719799661125	0.493599129020137	0.506400870979863
"75"	"38304"	"2082386"	-0.537631925553087	0.876821511355956	0.123178488644044
"76"	"2041036"	"161899"	0.453219336509618	0.522867413160536	0.477132586839464
"77"	"2041036"	"2026255"	0.827776977324613	0.293447629633796	0.706552370366204
"78"	"2041036"	"53374"	0.476966352905942	0.511387156220245	0.488612843779755
"79"	"38286"	"1232427"	0.894112861528524	0.230094696235567	0.769905303764433
"80"	"38286"	"169292"	0.513115476858997	0.493398684200213	0.506601315799787
"81"	"38286"	"53374"	0.652144789928435	0.417046286442863	0.582953713557137
"82"	"38286"	"1273"	0.546262256849384	0.476307538860459	0.523692461139541
"83"	"38286"	"47770"	-0.547207216837595	0.87954738838723	0.12045261161277
"84"	"38286"	"1290"	0.760274250124154	0.346212181960605	0.653787818039395
"85"	"38286"	"170573"	0.527468936313858	0.486071529554109	0.513928470445891
"86"	"38286"	"36863"	-0.465910330669532	0.856128007563569	0.143871992436431
"87"	"38286"	"1597781"	-0.579671401047727	0.888727011249159	0.111272988750841
"88"	"38286"	"1679497"	-0.463006353419344	0.855279589789019	0.144720410210981
"89"	"38286"	"1283"	0.766820858419947	0.341452150073808	0.658547849926192
"90"	"38286"	"1280"	0.610737360088134	0.441170397869047	0.558829602130953
"91"	"38286"	"29382"	0.769844569402887	0.339231064760521	0.660768935239479
"92"	"38286"	"28035"	0.51389746830841	0.493002298012692	0.506997701987308
"93"	"38286"	"29385"	0.618866675612497	0.436539416540765	0.563460583459235
"94"	"38286"	"401472"	0.593404878020336	0.45088530802171	0.54911469197829
"95"	"38286"	"38289"	0.76422415465865	0.343348107131341	0.656651892868659
"96"	"38286"	"1852390"	0.725470583263602	0.370492521339094	0.629507478660906
"97"	"38286"	"43770"	0.600650284028135	0.446849927812384	0.553150072187616
"98"	"38286"	"1414719"	0.497616882314368	0.501190142403874	0.498809857596126
"99"	"38286"	"61592"	-0.535819849592733	0.876304698604525	0.123695301395475
"100"	"38286"	"1276"	0.497673029345244	0.501162134770154	0.498837865229846
"101"	"38286"	"2017484"	-0.540802799404824	0.877725127646698	0.122274872353302
"102"	"38286"	"2806262"	-0.652188339350531	0.908897227234887	0.091102772765113
"103"	"38286"	"2082386"	-0.599789399004846	0.894368324295099	0.105631675704901
"104"	"38286"	"639200"	-0.540047311554278	0.877509917765685	0.122490082234315
"105"	"38286"	"34029"	-0.528801434005073	0.874300129819581	0.125699870180419
"106"	"161899"	"169292"	0.498317204554346	0.500840690961534	0.499159309038466
"107"	"161899"	"28037"	0.46245633131621	0.518432092314794	0.481567907685206
"108"	"161899"	"2708539"	-0.452649608474767	0.85224691506475	0.14775308493525
"109"	"161899"	"33028"	0.53214337230441	0.483661362781642	0.516338637218358
"110"	"161899"	"34029"	-0.514765409566546	0.87027737232636	0.12972262767364
"111"	"161899"	"2010972"	-0.460062701086767	0.854418720852594	0.145581279147406
"112"	"1232427"	"38284"	0.455966799919832	0.521552106735352	0.478447893264648
"113"	"1232427"	"53374"	0.627170573645148	0.431757701931796	0.568242298068204
"114"	"1232427"	"43675"	-0.504506125151073	0.867325234600917	0.132674765399083
"115"	"1232427"	"1273"	0.639769440367807	0.42439990553262	0.57560009446738
"116"	"1232427"	"544580"	-0.522568308750622	0.872515990899486	0.127484009100514
"117"	"1232427"	"47770"	-0.577570006695491	0.888135689716242	0.111864310283758
"118"	"1232427"	"1290"	0.700637452836801	0.386886641771979	0.613113358228021
"119"	"1232427"	"170573"	0.589534837050241	0.45302602737026	0.54697397262974
"120"	"1232427"	"1491"	-0.482201686129201	0.860872140950444	0.139127859049556
"121"	"1232427"	"36863"	-0.454281211848696	0.852725398897176	0.147274601102824
"122"	"1232427"	"1597781"	-0.467444421213697	0.85657586389464	0.14342413610536
"123"	"1232427"	"2877941"	-0.495086438427067	0.864605817244791	0.135394182755209
"124"	"1232427"	"1283"	0.799927186619482	0.316285324810145	0.683714675189855
"125"	"1232427"	"1280"	0.549344485196636	0.474687009935686	0.525312990064314
"126"	"1232427"	"29382"	0.818974935415197	0.300853007783538	0.699146992216462
"127"	"1232427"	"29385"	0.526280108573706	0.486682592367086	0.513317407632914
"128"	"1232427"	"401472"	0.652814357416678	0.41664471830525	0.58335528169475
"129"	"1232427"	"38289"	0.803887229930349	0.31313956159327	0.68686043840673
"130"	"1232427"	"1852390"	0.830882818378021	0.290789598870024	0.709210401129976
"131"	"1232427"	"43770"	0.591567520711374	0.451902909532914	0.548097090467086
"132"	"1232427"	"1414719"	0.585540155864521	0.455225133387579	0.544774866612421
"133"	"1232427"	"61592"	-0.630120002859138	0.902806735370073	0.0971932646299272
"134"	"1232427"	"1655"	-0.526703970571898	0.873700168985876	0.126299831014124
"135"	"1232427"	"2806262"	-0.633494625947596	0.903740733271328	0.0962592667286717
"136"	"1232427"	"2082386"	-0.607476658827842	0.896514545009684	0.103485454990316
"137"	"38284"	"401472"	0.468178387207618	0.515665401589239	0.484334598410761
"138"	"2026255"	"53374"	0.51865589901536	0.490583377717101	0.509416622282899
"139"	"2026255"	"1659"	-0.462910324914537	0.855251519997053	0.144748480002947
"140"	"2026255"	"1679497"	-0.454967545138547	0.85292659272019	0.14707340727981
"141"	"2026255"	"46124"	-0.471841138741175	0.857858128929596	0.142141871070404
"142"	"169292"	"2839983"	-0.482205959504627	0.860873381951326	0.139126618048674
"143"	"169292"	"36863"	-0.47024580608164	0.857393085486943	0.142606914513057
"144"	"169292"	"401472"	0.467286960644941	0.516097393596915	0.483902606403085
"145"	"169292"	"39791"	0.603044542578263	0.445508393535822	0.554491606464178
"146"	"169292"	"43768"	-0.51196907983601	0.86947371433414	0.13052628566586
"147"	"169292"	"639200"	-0.457152899596183	0.853566898255838	0.146433101744162
"148"	"169292"	"34029"	-0.467599717596789	0.856621187455922	0.143378812544078
"149"	"169292"	"2898431"	-0.58995887105278	0.89161619294761	0.10838380705239
"150"	"1979527"	"28068"	-0.478274064019737	0.859730790427951	0.140269209572049
"151"	"71254"	"38301"	0.596756819795154	0.449022928259152	0.550977071740848
"152"	"71254"	"43675"	-0.456362911832725	0.853335488489939	0.146664511510061
"153"	"71254"	"1273"	0.519119830942898	0.490346902232033	0.509653097767967
"154"	"71254"	"170573"	0.525858537267293	0.48689909772596	0.51310090227404
"155"	"71254"	"1260"	-0.535525321579455	0.876220669003949	0.123779330996051
"156"	"71254"	"2839983"	-0.475838116857456	0.85902215246682	0.14097784753318
"157"	"71254"	"38289"	0.461158129953569	0.519057737658553	0.480942262341447
"158"	"71254"	"1414719"	0.540737481701188	0.479198559210486	0.520801440789514
"159"	"71254"	"1270"	0.520650952622215	0.48956564798696	0.51043435201304
"160"	"71254"	"1276"	0.514186342001717	0.492855789251929	0.507144210748071
"161"	"71254"	"33010"	-0.46588299597154	0.856120025455409	0.143879974544591
"162"	"71254"	"34073"	-0.544621700504659	0.878812181442844	0.121187818557156
"163"	"71254"	"34029"	-0.660553678539348	0.911195280535229	0.0888047194647713
"164"	"71254"	"2748629"	-0.509860065273296	0.868867097222957	0.131132902777043
"165"	"71254"	"46124"	0.489080024185804	0.505430497602883	0.494569502397117
"166"	"71254"	"28449"	0.655943981385915	0.41476259391011	0.58523740608989
"167"	"38301"	"43675"	-0.6365242350592	0.904578419778849	0.0954215802211507
"168"	"38301"	"1273"	0.518143620358184	0.490844364153148	0.509155635846852
"169"	"38301"	"2978473"	-0.512098482540277	0.869510920730808	0.130489079269192
"170"	"38301"	"1325120"	-0.517062965279343	0.870937128982151	0.129062871017849
"171"	"38301"	"29382"	0.456095155880389	0.521490577153419	0.478509422846581
"172"	"38301"	"29385"	0.491401144122032	0.50428110012074	0.49571889987926
"173"	"38301"	"33028"	0.553791728465543	0.472339005130032	0.527660994869968
"174"	"38301"	"401472"	0.561344866705851	0.468324211040892	0.531675788959107
"175"	"38301"	"38289"	0.539126096416085	0.480038489906755	0.519961510093245
"176"	"38301"	"2778078"	0.551028600152015	0.473799218998926	0.526200781001074
"177"	"38301"	"258224"	0.554424226132585	0.472004117496561	0.527995882503439
"178"	"38301"	"1276"	0.58378419955394	0.456188448147287	0.543811551852713
"179"	"38301"	"33010"	-0.487456058416719	0.86239667741032	0.13760332258968
"180"	"38301"	"215580"	-0.491111898207487	0.863455817690601	0.136544182309399
"181"	"38301"	"34029"	-0.512907568906241	0.869743516476622	0.130256483523378
"182"	"53374"	"47770"	-0.619142530000698	0.899761782362615	0.100238217637385
"183"	"53374"	"1290"	0.528476660228109	0.485552952710562	0.514447047289438
"184"	"53374"	"1491"	-0.458460633932933	0.853949832815995	0.146050167184005
"185"	"53374"	"1597781"	-0.503465913636284	0.867025349582203	0.132974650417797
"186"	"53374"	"1679497"	-0.595324688037623	0.893119445549592	0.106880554450408
"187"	"53374"	"1283"	0.583045741456876	0.456592957974126	0.543407042025874
"188"	"53374"	"29382"	0.646983733211172	0.420128710509546	0.579871289490454
"189"	"53374"	"28035"	0.711730147281426	0.379651058683217	0.620348941316784
"190"	"53374"	"29385"	0.639271349277591	0.424693213227153	0.575306786772847
"191"	"53374"	"45972"	0.470133637671265	0.514716602767355	0.485283397232645
"192"	"53374"	"1288"	0.564117963670166	0.466841534318571	0.533158465681429
"193"	"53374"	"38289"	0.619796121606282	0.436006810952374	0.563993189047626
"194"	"53374"	"1852390"	0.487229697976857	0.506344893340075	0.493655106659925
"195"	"53374"	"43770"	0.454331846375763	0.522335214983748	0.477664785016252
"196"	"53374"	"33010"	-0.490151270944047	0.86317763842214	0.13682236157786
"197"	"53374"	"2806262"	-0.501279577293413	0.86639470718992	0.13360529281008
"198"	"53374"	"215580"	-0.473876897253357	0.85845119175564	0.14154880824436
"199"	"53374"	"34029"	-0.478682541701668	0.859849562918325	0.140150437081675
"200"	"1528099"	"1290"	-0.56776273394161	0.885370751138078	0.114629248861922
"201"	"1528099"	"2948573"	0.45594132525313	0.521564317580713	0.478435682419287
"202"	"1528099"	"1280"	-0.474491196022238	0.858630070525788	0.141369929474212
"203"	"1528099"	"43770"	-0.474642133435056	0.858674016561307	0.141325983438693
"204"	"1528099"	"2017484"	0.543778224599338	0.477609555704585	0.522390444295415
"205"	"1528099"	"33010"	0.510235001046107	0.494856039143655	0.505143960856345
"206"	"43675"	"1273"	-0.626058249837146	0.901681276792733	0.0983187232072672
"207"	"43675"	"170573"	-0.555288975364264	0.881841532069188	0.118158467930812
"208"	"43675"	"2839983"	0.475822222794581	0.511946177447111	0.488053822552889
"209"	"43675"	"288000"	0.464311817607243	0.517536560250943	0.482463439749057
"210"	"43675"	"1325120"	0.514991075753486	0.492447420668702	0.507552579331298
"211"	"43675"	"401472"	-0.573463571514702	0.886979022163067	0.113020977836933
"212"	"43675"	"38289"	-0.513184368365112	0.869823076368152	0.130176923631848
"213"	"43675"	"187491"	-0.463095975141075	0.855305786003192	0.144694213996808
"214"	"43675"	"1276"	-0.504048006377234	0.867193175243335	0.132806824756665
"215"	"43675"	"34062"	0.489619476735855	0.505163598878693	0.494836401121307
"216"	"2047"	"1659"	0.472452111793518	0.513589275689476	0.486410724310524
"217"	"2047"	"712633"	0.456596542641995	0.521250159404294	0.478749840595706
"218"	"2047"	"1308"	-0.463443634602907	0.855407398437407	0.144592601562593
"219"	"2047"	"2948573"	0.488526437401967	0.505704242911819	0.494295757088181
"220"	"1273"	"544580"	-0.451496180867813	0.851908498862352	0.148091501137648
"221"	"1273"	"1290"	0.529113929447224	0.485224726571501	0.514775273428499
"222"	"1273"	"170573"	0.762895159294659	0.344314420773616	0.655685579226384
"223"	"1273"	"82633"	-0.463666490124796	0.855472527356898	0.144527472643102
"224"	"1273"	"2839983"	-0.490156055791177	0.863179024244443	0.136820975755557
"225"	"1273"	"2978473"	-0.522702572684505	0.872554460387575	0.127445539612425
"226"	"1273"	"288000"	-0.509003443059345	0.868620585485788	0.131379414514212
"227"	"1273"	"1325120"	-0.517113465619331	0.870951624838984	0.129048375161016
"228"	"1273"	"1283"	0.492659520389686	0.503656867127965	0.496343132872035
"229"	"1273"	"29382"	0.450216376758147	0.524301260365571	0.475698739634429
"230"	"1273"	"401472"	0.594222295316081	0.450431850940805	0.549568149059195
"231"	"1273"	"38289"	0.626783847195644	0.431981569516777	0.568018430483223
"232"	"1273"	"1852390"	0.574294079233913	0.4613599033109	0.5386400966891
"233"	"1273"	"1414719"	0.497429212418359	0.501283745787573	0.498716254212427
"234"	"1273"	"258224"	0.524436086324706	0.487628913045204	0.512371086954796
"235"	"1273"	"1828"	-0.539404788681386	0.877326845788212	0.122673154211788
"236"	"1273"	"1270"	0.480011623783731	0.509896252298577	0.490103747701423
"237"	"1273"	"1276"	0.642940539100809	0.422527786600592	0.577472213399408
"238"	"1273"	"556288"	-0.450451335916528	0.851601824773916	0.148398175226084
"239"	"1273"	"46124"	0.508635059220155	0.495663666602589	0.504336333397411
"240"	"1273"	"28449"	0.458497045671357	0.520337849059937	0.479662150940063
"241"	"544580"	"28037"	0.556938061027173	0.470670765489438	0.529329234510562
"242"	"544580"	"1290"	-0.516855386347061	0.87087754200779	0.12912245799221
"243"	"544580"	"1491"	0.455070772133745	0.52198143064014	0.47801856935986
"244"	"544580"	"82633"	0.469678887656213	0.514937429375544	0.485062570624456
"245"	"544580"	"2877941"	0.461961153992547	0.51867082335883	0.48132917664117
"246"	"544580"	"28132"	0.584004425103007	0.456067744363155	0.543932255636845
"247"	"544580"	"1283"	-0.475271483580178	0.858857230155332	0.141142769844668
"248"	"544580"	"1280"	-0.494387234331503	0.864403619361784	0.135596380638216
"249"	"544580"	"38289"	-0.463740085302532	0.855494034258139	0.144505965741861
"250"	"544580"	"1655"	0.564448656157462	0.466664410386381	0.533335589613619
"251"	"1659"	"712633"	0.453408468997361	0.522776974915039	0.477223025084961
"252"	"1659"	"40520"	0.47773409965644	0.511011692793599	0.488988307206401
"253"	"1659"	"2995138"	-0.51641428942107	0.870750908532707	0.129249091467293
"254"	"1659"	"34073"	-0.45595097799145	0.853214796517105	0.146785203482895
"255"	"1659"	"46124"	0.75703549342537	0.348543043665076	0.651456956334924
"256"	"1659"	"28449"	0.530523316685459	0.484498030602056	0.515501969397944
"257"	"1660"	"28132"	0.465046098485689	0.517181738615311	0.482818261384689
"258"	"1660"	"71999"	-0.485346526742576	0.861784928721365	0.138215071278635
"259"	"74426"	"1305"	0.541624337378528	0.478735659117572	0.521264340882428
"260"	"74426"	"29466"	0.533999417724649	0.482701037017402	0.517298962982598
"261"	"74426"	"179636"	0.53726149955761	0.481008576037055	0.518991423962945
"262"	"74426"	"2914710"	0.480404755013456	0.509703465255311	0.490296534744689
"263"	"74426"	"1768242"	0.56514585783929	0.466290758090223	0.533709241909777
"264"	"28037"	"29388"	-0.466610020018988	0.856332301159716	0.143667698840284
"265"	"28037"	"1292"	-0.491564647798894	0.863586894237891	0.136413105762109
"266"	"28037"	"38289"	-0.471022641158324	0.857619566345802	0.142380433654198
"267"	"1303"	"28127"	0.54162632388909	0.478734621743043	0.521265378256957
"268"	"1303"	"71999"	-0.451071046413361	0.851783730301701	0.148216269698299
"269"	"712633"	"2995138"	-0.58332216311306	0.889753382436128	0.110246617563872
"270"	"712633"	"2708539"	-0.455259228669168	0.853012083346176	0.146987916653824
"271"	"712633"	"556288"	-0.456331187440894	0.853326194207378	0.146673805792622
"272"	"712633"	"1404411"	-0.47870488837899	0.859856060157452	0.140143939842548
"273"	"712633"	"2663009"	0.499893893255635	0.500053050557821	0.499946949442179
"274"	"712633"	"28449"	0.502465442561539	0.498765755359398	0.501234244640602
"275"	"1313"	"1379"	0.795369783374195	0.319867329236517	0.680132670763483
"276"	"1313"	"3036300"	0.554124923445542	0.472162618466592	0.527837381533408
"277"	"1313"	"28127"	0.534978179736733	0.482193851196418	0.517806148803582
"278"	"1313"	"1852390"	-0.481911675670878	0.860787916873511	0.139212083126489
"279"	"1313"	"40214"	-0.513034169976682	0.869779906061494	0.130220093938506
"280"	"1304"	"2753607"	0.495093532508779	0.502447244738799	0.497552755261201
"281"	"1304"	"1404443"	0.523661620590334	0.48802580844135	0.51197419155865
"282"	"1304"	"2017486"	-0.494099635042493	0.864320436829563	0.135679563170437
"283"	"1304"	"562"	-0.478527050734332	0.859804352958954	0.140195647041046
"284"	"1304"	"1197460"	0.630410960522749	0.429877331035989	0.570122668964011
"285"	"1308"	"1358"	0.488482845511383	0.505725792544051	0.494274207455949
"286"	"47770"	"1290"	-0.512261385649735	0.869557757037948	0.130442242962052
"287"	"47770"	"1597781"	0.511256856569911	0.49433953080352	0.50566046919648
"288"	"47770"	"1283"	-0.657434109453544	0.910338977923483	0.0896610220765168
"289"	"47770"	"1280"	-0.519262129035554	0.871568164011156	0.128431835988844
"290"	"47770"	"29382"	-0.544530564599531	0.878786255183686	0.121213744816314
"291"	"47770"	"28035"	-0.475719834487519	0.858987728226521	0.141012271773479
"292"	"47770"	"29385"	-0.521731898237883	0.872276303196952	0.127723696803048
"293"	"47770"	"38289"	-0.507678685632343	0.868239219809939	0.131760780190061
"294"	"47770"	"1852390"	-0.640558921800103	0.905692807137194	0.0943071928628055
"295"	"47770"	"61592"	0.460190152709755	0.519523746950149	0.480476253049851
"296"	"147802"	"1597781"	0.491963282173532	0.504002340186267	0.495997659813733
"297"	"147802"	"28127"	0.481940039141861	0.5089498800757	0.4910501199243
"298"	"1282"	"1290"	0.688857822778094	0.394425010123538	0.605574989876462
"299"	"1282"	"82633"	-0.475271872160105	0.858857343264906	0.141142656735094
"300"	"1282"	"1597781"	-0.457438140645935	0.853650438014863	0.146349561985137
"301"	"1282"	"1283"	0.534914392775516	0.482226921285241	0.517773078714759
"302"	"1282"	"1280"	0.703878890796155	0.384786375281041	0.615213624718959
"303"	"1282"	"1292"	0.562666711608084	0.467618053753229	0.532381946246771
"304"	"1282"	"45972"	0.620702806942648	0.435486620378487	0.564513379621513
"305"	"1282"	"1270"	0.486857757506838	0.506528499935177	0.493471500064823
"306"	"1282"	"71999"	0.53678948642462	0.481253838205671	0.518746161794329
"307"	"1282"	"2017484"	-0.486640742279818	0.862160293182137	0.137839706817863
"308"	"1282"	"546874"	-0.514696727254214	0.870257642096355	0.129742357903645
"309"	"1282"	"108980"	0.483006946394706	0.508425537126773	0.491574462873227
"310"	"1290"	"170573"	0.488859077548695	0.505539772150176	0.494460227849824
"311"	"1290"	"82633"	-0.488872095977335	0.862807074605133	0.137192925394867
"312"	"1290"	"1597781"	-0.530840966941183	0.874883125606267	0.125116874393733
"313"	"1290"	"1283"	0.797693166853844	0.318046249110217	0.681953750889783
"314"	"1290"	"1280"	0.824562414689351	0.29617358534367	0.70382641465633
"315"	"1290"	"29382"	0.673956281604379	0.403759655237879	0.596240344762121
"316"	"1290"	"1292"	0.622533375600531	0.434434474000089	0.565565525999911
"317"	"1290"	"29380"	0.496138881065818	0.501926846728775	0.498073153271225
"318"	"1290"	"28035"	0.543502109553388	0.477754063534059	0.522245936465941
"319"	"1290"	"29385"	0.656073492183884	0.414684523352461	0.585315476647539
"320"	"1290"	"45972"	0.637952222022058	0.425469022361171	0.574530977638829
"321"	"1290"	"401472"	0.45297232877848	0.522985502295006	0.477014497704994
"322"	"1290"	"38289"	0.679820885744977	0.400111930748774	0.599888069251226
"323"	"1290"	"1852390"	0.52229968017095	0.488722988935987	0.511277011064013
"324"	"1290"	"43770"	0.642046899927839	0.423056201982763	0.576943798017237
"325"	"1290"	"1270"	0.673584621426633	0.403989714332783	0.596010285667217
"326"	"1290"	"1276"	0.56445615237603	0.46666039451831	0.53333960548169
"327"	"1290"	"2017484"	-0.621666518957303	0.90046280294005	0.09953719705995
"328"	"1290"	"33010"	-0.577188970556805	0.888028425940523	0.111971574059477
"329"	"1290"	"2806262"	-0.499206442615594	0.865796293193611	0.134203706806389
"330"	"1290"	"639200"	-0.5212556725343	0.872139803166413	0.127860196833587
"331"	"1290"	"34029"	-0.532754550502898	0.875429766030062	0.124570233969938
"332"	"1290"	"1404411"	-0.461850548210578	0.854941678774224	0.145058321225776
"333"	"1290"	"108980"	0.494000093956752	0.502991006899352	0.497008993100648
"334"	"29388"	"1283"	0.528651897038864	0.485462718939949	0.514537281060051
"335"	"29388"	"1280"	0.479096655960916	0.510344660028438	0.489655339971562
"336"	"29388"	"1292"	0.760596693980579	0.345979266733876	0.654020733266124
"337"	"29388"	"45972"	0.567843818273938	0.4648420063452	0.5351579936548
"338"	"29388"	"1270"	0.492098396677273	0.503935314957549	0.496064685042451
"339"	"29388"	"71999"	0.724912720759816	0.370868763338316	0.629131236661684
"340"	"29388"	"33010"	-0.454889324435342	0.852903665262186	0.147096334737814
"341"	"170573"	"1491"	-0.523067787104949	0.872659093548262	0.127340906451738
"342"	"170573"	"2839983"	-0.473119731084864	0.858230659870895	0.141769340129105
"343"	"170573"	"36863"	-0.616242988246641	0.898955779848664	0.101044220151336
"344"	"170573"	"288000"	-0.62543799996152	0.901509290013564	0.0984907099864362
"345"	"170573"	"2057741"	-0.479062183669802	0.859959936180111	0.140040063819889
"346"	"170573"	"28132"	-0.471747404435106	0.857830812117141	0.142169187882859
"347"	"170573"	"1283"	0.577105013427167	0.459834201953722	0.540165798046278
"348"	"170573"	"1280"	0.504078875129638	0.497956386077316	0.502043613922684
"349"	"170573"	"29382"	0.548185826005466	0.475296840929189	0.524703159070811
"350"	"170573"	"401472"	0.4975026814869	0.501247103988193	0.498752896011807
"351"	"170573"	"38289"	0.505180244879364	0.497403133846499	0.502596866153501
"352"	"170573"	"1852390"	0.504154490812003	0.497918421625469	0.502081578374531
"353"	"170573"	"1414719"	0.474654016250828	0.512516333275912	0.487483666724088
"354"	"170573"	"187491"	0.474316272551279	0.512681054579122	0.487318945420878
"355"	"170573"	"319706"	-0.497239942263775	0.865228276891068	0.134771723108932
"356"	"170573"	"1828"	-0.501172433142794	0.866363789970124	0.133636210029876
"357"	"170573"	"1270"	0.489732484604118	0.505107669411128	0.494892330588872
"358"	"170573"	"566027"	0.525043541299815	0.487317380513041	0.512682619486958
"359"	"170573"	"1276"	0.640669169826288	0.423869573202484	0.576130426797516
"360"	"170573"	"1404411"	-0.479586654820494	0.860112392312916	0.139887607687084
"361"	"170573"	"549"	-0.517489736346702	0.871059623776324	0.128940376223676
"362"	"170573"	"34062"	-0.486302051944885	0.862062077795122	0.137937922204878
"363"	"170573"	"423477"	0.50929387453175	0.495331265653729	0.504668734346271
"364"	"170573"	"46124"	0.479116319212068	0.510335027598504	0.489664972401496
"365"	"1379"	"1852390"	-0.517601363477808	0.871091660928346	0.128908339071654
"366"	"1379"	"61592"	0.506781560062077	0.496597643942218	0.503402356057782
"367"	"1379"	"2663009"	0.505072621844474	0.497457223364746	0.502542776635254
"368"	"418240"	"40520"	0.468103259903382	0.51570182280879	0.48429817719121
"369"	"1491"	"36863"	0.450518866501933	0.524157005818899	0.475842994181101
"370"	"1260"	"1717"	-0.535069783516371	0.876090686948666	0.123909313051334
"371"	"1260"	"39791"	0.456397317117994	0.521345702428823	0.478654297571177
"372"	"1260"	"1270"	-0.451926621917336	0.85203480618967	0.14796519381033
"373"	"1260"	"72000"	0.471253201647121	0.514172538333622	0.485827461666378
"374"	"1260"	"33010"	0.466600893264988	0.516429620923806	0.483570379076194
"375"	"1260"	"34073"	0.464022454099	0.517676320639162	0.482323679360838
"376"	"1260"	"1197460"	-0.596490274231566	0.893445654259834	0.106554345740166
"377"	"3036300"	"54005"	0.473153112557486	0.513247935915243	0.486752064084757
"378"	"2948573"	"258224"	0.465395315757918	0.517012903244243	0.482987096755757
"379"	"2948573"	"3016342"	-0.527756562750293	0.874001305133549	0.125998694866451
"380"	"2948573"	"3037797"	-0.514745634702112	0.8702716916866	0.1297283083134
"381"	"54005"	"28127"	0.483306793162293	0.508278076862315	0.491721923137685
"382"	"82633"	"119219"	0.843480039769051	0.279749852753267	0.720250147246734
"383"	"82633"	"2714952"	0.785869693058988	0.327208119505775	0.672791880494225
"384"	"82633"	"28068"	0.479508891566435	0.510142680254047	0.489857319745953
"385"	"82633"	"2070761"	0.472256624945712	0.513684424065149	0.486315575934851
"386"	"82633"	"3019553"	0.662341764571075	0.410888205859529	0.589111794140471
"387"	"82633"	"88688"	0.785403975399066	0.327563753032089	0.672436246967911
"388"	"82633"	"155892"	0.697545086802226	0.388879745678387	0.611120254321613
"389"	"82633"	"288000"	0.569011294185051	0.464213693149475	0.535786306850525
"390"	"82633"	"2057741"	0.604408362394043	0.444742418488476	0.555257581511524
"391"	"82633"	"821"	0.548854350504647	0.474945075506291	0.525054924493709
"392"	"82633"	"1283"	-0.458859489617715	0.85406659272498	0.14593340727502
"393"	"82633"	"1658665"	0.470098279864003	0.514733775915277	0.485266224084723
"394"	"2839983"	"36863"	0.555966610098617	0.471186475772269	0.528813524227731
"395"	"2839983"	"2070761"	0.46630394400433	0.516573352001277	0.483426647998723
"396"	"2839983"	"1276"	-0.487976768881767	0.862547612854435	0.137452387145565
"397"	"2839983"	"34029"	0.482044999201584	0.508898320295133	0.491101679704867
"398"	"2920269"	"36863"	0.458038814949579	0.52055796269504	0.47944203730496
"399"	"119219"	"2714952"	0.763498745815646	0.34387588908235	0.65612411091765
"400"	"119219"	"28068"	0.513636690629521	0.493134519867794	0.506865480132206
"401"	"119219"	"2070761"	0.490280054528081	0.504836580227661	0.495163419772339
"402"	"119219"	"3019553"	0.665384108217979	0.409032939860607	0.590967060139393
"403"	"119219"	"88688"	0.705858859439806	0.383497810006911	0.616502189993089
"404"	"119219"	"155892"	0.607837868839549	0.442810417199308	0.557189582800692
"405"	"119219"	"288000"	0.504511705379358	0.497739035349169	0.502260964650831
"406"	"119219"	"2057741"	0.498974699072902	0.500512387922166	0.499487612077834
"407"	"119219"	"821"	0.566773115442529	0.465417492450311	0.534582507549689
"408"	"119219"	"1658665"	0.468503834899893	0.51550759698578	0.48449240301422
"409"	"2714952"	"28068"	0.536940746508247	0.481175255749791	0.518824744250209
"410"	"2714952"	"2070761"	0.514317691630931	0.492789157941339	0.507210842058661
"411"	"2714952"	"3019553"	0.567418472560497	0.465070708301169	0.534929291698831
"412"	"2714952"	"88688"	0.754156551573205	0.350601945535671	0.649398054464329
"413"	"2714952"	"155892"	0.649990005939434	0.418335985817958	0.581664014182042
"414"	"2714952"	"288000"	0.574872692989662	0.461046259615203	0.538953740384797
"415"	"2714952"	"2057741"	0.5152234386507	0.492329443233543	0.507670556766457
"416"	"2714952"	"821"	0.470132636864724	0.514717088863036	0.485282911136964
"417"	"2714952"	"1658665"	0.578596731136371	0.459022477044223	0.540977522955777
"418"	"2714952"	"470"	-0.45615844185215	0.853275583223893	0.146724416776107
"419"	"94132"	"28068"	0.627215924058797	0.431731441952751	0.568268558047249
"420"	"94132"	"2995138"	0.480508028932276	0.509652808815827	0.490347191184173
"421"	"94132"	"2070761"	0.500973861015776	0.499512832159607	0.500487167840393
"422"	"94132"	"288000"	0.541070983467151	0.47902453827171	0.52097546172829
"423"	"94132"	"2877941"	0.544490664853551	0.477236490194562	0.522763509805438
"424"	"94132"	"29380"	-0.45608662278948	0.853254540799368	0.146745459200632
"425"	"94132"	"1276"	-0.486864431433186	0.862225153725286	0.137774846274714
"426"	"94132"	"34073"	0.471147699804178	0.514223832681752	0.485776167318248
"427"	"94132"	"392593"	0.471591532144956	0.514008009594716	0.485991990405284
"428"	"94132"	"946333"	0.450387753695893	0.524219537171263	0.475780462828737
"429"	"28068"	"2070761"	0.58799648877245	0.45387416275194	0.54612583724806
"430"	"28068"	"88688"	0.480367886903865	0.509721548051549	0.490278451948451
"431"	"28068"	"2708539"	0.490509182852012	0.504723100891958	0.495276899108042
"432"	"28068"	"288000"	0.66672303727718	0.408213769196251	0.591786230803749
"433"	"28068"	"2877941"	0.450150607897937	0.524332619670979	0.475667380329021
"434"	"28068"	"392593"	0.491761843424538	0.50410224983403	0.49589775016597
"435"	"2995138"	"2708539"	0.552619940588751	0.472958803391611	0.527041196608389
"436"	"2995138"	"34073"	0.490207756909392	0.504872381444365	0.495127618555635
"437"	"2995138"	"76731"	0.480244170228636	0.509782222998882	0.490217777001118
"438"	"2995138"	"392593"	0.483378513315422	0.508242799597091	0.491757200402909
"439"	"2995138"	"28449"	-0.460048468979453	0.854414556576447	0.145585443423553
"440"	"2978473"	"391953"	0.504489107927001	0.497750385270066	0.502249614729934
"441"	"2978473"	"155892"	0.468916935836602	0.515307221064967	0.484692778935033
"442"	"2978473"	"69665"	0.477401391559379	0.511174436196012	0.488825563803988
"443"	"2978473"	"1325120"	0.535188563534324	0.482084762498088	0.517915237501912
"444"	"2978473"	"2877941"	0.484286756729403	0.507795846413988	0.492204153586012
"445"	"2978473"	"29382"	-0.472554856908741	0.858066097951883	0.141933902048117
"446"	"2978473"	"1852390"	-0.483436802919154	0.861230748092274	0.138769251907726
"447"	"2978473"	"319706"	0.61041018795578	0.441355759022254	0.558644240977746
"448"	"2978473"	"1270"	-0.533603839431009	0.875672267298391	0.124327732701609
"449"	"105560"	"1828"	0.49742724429147	0.501284727329953	0.498715272670047
"450"	"105560"	"2856555"	0.517247651042105	0.491300493057912	0.508699506942088
"451"	"105560"	"1331682"	0.453084097327881	0.522932071435726	0.477067928564274
"452"	"105560"	"3037797"	0.476393845583026	0.511666959269882	0.488333040730118
"453"	"391953"	"1325120"	0.620358596989861	0.435684176330825	0.564315823669175
"454"	"36863"	"2070761"	0.451103759798	0.523877962984701	0.476122037015299
"455"	"36863"	"288000"	0.480601254565134	0.509607076792928	0.490392923207072
"456"	"36863"	"401472"	-0.469903223986258	0.857293189050939	0.142706810949061
"457"	"36863"	"1414719"	-0.462025311833977	0.854992781207531	0.145007218792469
"458"	"36863"	"34073"	0.460271017727934	0.519484832440787	0.480515167559213
"459"	"36863"	"2806262"	0.458232899082788	0.520464744683639	0.479535255316361
"460"	"36863"	"392593"	0.578887763230152	0.458863943217294	0.541136056782706
"461"	"36863"	"2898431"	0.453558453502113	0.522705245094158	0.477294754905842
"462"	"36863"	"3015996"	0.478672815607574	0.510552242377029	0.489447757622971
"463"	"36863"	"1404411"	0.476111215055219	0.511805033652846	0.488194966347154
"464"	"2070761"	"3019553"	0.574498002350518	0.461249388969504	0.538750611030496
"465"	"2070761"	"88688"	0.687392334812261	0.395352795100616	0.604647204899384
"466"	"2070761"	"2708539"	0.472649146852969	0.513493355919544	0.486506644080456
"467"	"2070761"	"155892"	0.484818876549737	0.50753380352951	0.49246619647049
"468"	"2070761"	"288000"	0.605480491332546	0.444139341123624	0.555860658876376
"469"	"2070761"	"33028"	-0.516739773154228	0.870844352669933	0.129155647330067
"470"	"3019553"	"88688"	0.708853207680627	0.381540818471217	0.618459181528783
"471"	"3019553"	"155892"	0.614253759536081	0.439173223491551	0.560826776508449
"472"	"3019553"	"288000"	0.532118342320094	0.483674300371596	0.516325699628404
"473"	"3019553"	"821"	0.528812836085981	0.485379832664079	0.514620167335921
"474"	"3019553"	"1658665"	0.485064252095708	0.507412922531685	0.492587077468315
"475"	"1296669"	"1414719"	-0.491920713845086	0.863689965741494	0.136310034258506
"476"	"1296669"	"319706"	0.462464202409421	0.518428296676879	0.481571703323121
"477"	"1296669"	"3016342"	-0.588091319914584	0.891092396980971	0.108907603019029
"478"	"1597781"	"1679497"	0.499697577888861	0.500151188197699	0.499848811802301
"479"	"1597781"	"1283"	-0.602892286828849	0.895235244734268	0.104764755265732
"480"	"1597781"	"1280"	-0.591183929776621	0.891959620660213	0.108040379339787
"481"	"1597781"	"28035"	-0.507173663817245	0.868093792115012	0.131906207884988
"482"	"1597781"	"45972"	-0.561893525230328	0.883711922865797	0.116288077134203
"483"	"1597781"	"38289"	-0.481287173736237	0.860606522673468	0.139393477326532
"484"	"1597781"	"1852390"	-0.450896576713826	0.851732521603416	0.148267478396584
"485"	"1597781"	"43770"	-0.467987788665876	0.856734436294548	0.143265563705452
"486"	"1597781"	"71999"	-0.485399823455167	0.861800389723504	0.138199610276496
"487"	"1597781"	"72000"	0.466914677905572	0.516277697607803	0.483722302392197
"488"	"1597781"	"2017484"	0.71264765105948	0.37904640147383	0.62095359852617
"489"	"1597781"	"2748629"	0.512137855399391	0.493893786456465	0.506106213543535
"490"	"1597781"	"108980"	-0.528616582642031	0.874247271268841	0.125752728731159
"491"	"2753607"	"29466"	-0.450696813149781	0.851673885107962	0.148326114892038
"492"	"2753607"	"43768"	0.495143867677459	0.502422199112729	0.497577800887271
"493"	"2753607"	"3015996"	0.479658906209477	0.510069158933631	0.489930841066369
"494"	"88688"	"155892"	0.844845084325514	0.278527301780711	0.721472698219289
"495"	"88688"	"288000"	0.562767018424829	0.467564424210809	0.532435575789191
"496"	"88688"	"2057741"	0.511263193833288	0.494336325878805	0.505663674121195
"497"	"88688"	"821"	0.573119571910057	0.461995902627904	0.538004097372096
"498"	"88688"	"1658665"	0.601933158259311	0.446131618326189	0.553868381673811
"499"	"88688"	"2892442"	0.458949665009673	0.520120339436138	0.479879660563862
"500"	"1679497"	"28035"	-0.687529849669747	0.918566777558863	0.0814332224411373
"501"	"1679497"	"38288"	0.454873225645827	0.522076035819579	0.477923964180421
"502"	"1679497"	"72000"	0.473319570432769	0.513166848874336	0.486833151125664
"503"	"1679497"	"76731"	0.479002859649511	0.510390605492739	0.489609394507261
"504"	"1679497"	"34029"	0.454603216900382	0.522205315512786	0.477794684487214
"505"	"1679497"	"1404411"	0.452317015337108	0.523298664561115	0.476701335438885
"506"	"1679497"	"108980"	-0.588742910668527	0.891275184964926	0.108724815035074
"507"	"2708539"	"28035"	-0.459140640796773	0.854148886552214	0.145851113447786
"508"	"2708539"	"29385"	-0.458591999099593	0.853988290054258	0.146011709945742
"509"	"2708539"	"33028"	-0.554472008149798	0.881609893362648	0.118390106637352
"510"	"2708539"	"1288"	-0.532425764708025	0.87533586831228	0.12466413168772
"511"	"2708539"	"401472"	-0.469047688330858	0.857043665261828	0.142956334738172
"512"	"2708539"	"1276"	-0.574834265933602	0.887365275952807	0.112634724047193
"513"	"2708539"	"164546"	0.604357959471576	0.444770750234559	0.555229249765441
"514"	"2708539"	"76731"	0.619218304493274	0.436337997145977	0.563662002854023
"515"	"2708539"	"392593"	0.522585804855369	0.4885766035867	0.5114233964133
"516"	"2708539"	"34029"	0.602120985981176	0.446026352371037	0.553973647628963
"517"	"2708539"	"2898431"	0.450276858322368	0.524272420444578	0.475727579555422
"518"	"2708539"	"1404411"	0.607676333515222	0.442901606728164	0.557098393271836
"519"	"155892"	"288000"	0.489949729433226	0.50500013394393	0.49499986605607
"520"	"155892"	"821"	0.61525926810346	0.438600462777081	0.561399537222919
"521"	"155892"	"1658665"	0.570173416434207	0.4635874154708	0.5364125845292
"522"	"69665"	"83637"	0.475607936224379	0.512050809869305	0.487949190130695
"523"	"288000"	"2057741"	0.480974857636556	0.509423763856499	0.490576236143501
"524"	"288000"	"2877941"	0.522435076248587	0.488653723894239	0.511346276105761
"525"	"288000"	"1283"	-0.454776594606181	0.852870621667255	0.147129378332745
"526"	"288000"	"33028"	-0.459496116786448	0.854252924135015	0.145747075864985
"527"	"288000"	"187491"	-0.509426873426446	0.868742445557498	0.131257554442502
"528"	"288000"	"1276"	-0.543832576921886	0.878587666918301	0.121412333081699
"529"	"288000"	"946333"	0.486580833159632	0.506665159074693	0.493334840925307
"530"	"2057741"	"2877941"	0.567053929684147	0.465266628029484	0.534733371970516
"531"	"1404443"	"2017486"	-0.458902210958318	0.854079097905551	0.145920902094449
"532"	"2877941"	"28132"	0.524325661297316	0.487685523007749	0.512314476992251
"533"	"2877941"	"29382"	-0.521057413796411	0.872082970191601	0.127917029808399
"534"	"2877941"	"29380"	-0.560181198427036	0.883227376847841	0.116772623152159
"535"	"2877941"	"215580"	0.450405754793701	0.524210952387633	0.475789047612367
"536"	"294"	"477641"	0.476717624904324	0.511508736531291	0.488491263468709
"537"	"28132"	"1292"	-0.472081286873097	0.857928110879081	0.142071889120919
"538"	"28127"	"1655"	0.475122578945799	0.512287722405193	0.487712277594807
"539"	"821"	"2892442"	0.488428790785484	0.505752513199152	0.494247486800848
"540"	"1283"	"1280"	0.801793672449807	0.314806549765243	0.685193450234757
"541"	"1283"	"29382"	0.794553560434701	0.320504633012769	0.679495366987231
"542"	"1283"	"1292"	0.652457078586786	0.416859041771445	0.583140958228555
"543"	"1283"	"28035"	0.525397550428287	0.487135735484327	0.512864264515673
"544"	"1283"	"29385"	0.549079484498194	0.474826555439882	0.525173444560118
"545"	"1283"	"45972"	0.582551363958474	0.456863566090319	0.543136433909681
"546"	"1283"	"38289"	0.657505189066915	0.41382049908933	0.58617950091067
"547"	"1283"	"1852390"	0.726170122122935	0.370020187204066	0.629979812795934
"548"	"1283"	"43770"	0.631417744822415	0.429291425011952	0.570708574988048
"549"	"1283"	"61592"	-0.582884020042199	0.889630265908877	0.110369734091123
"550"	"1283"	"1270"	0.522199580079555	0.48877419117648	0.51122580882352
"551"	"1283"	"71999"	0.565014724998448	0.466361059159935	0.533638940840065
"552"	"1283"	"2017484"	-0.522550239849132	0.872510813643341	0.127489186356659
"553"	"1283"	"33010"	-0.503719704009912	0.867098524969888	0.132901475030112
"554"	"1283"	"546874"	-0.481011277667994	0.860526373119382	0.139473626880618
"555"	"1283"	"2806262"	-0.638697912254578	0.905178963590786	0.0948210364092144
"556"	"1283"	"2082386"	-0.5232996162914	0.872725505611988	0.127274494388012
"557"	"1283"	"108980"	0.50850204042266	0.495730753321468	0.504269246678532
"558"	"1280"	"29382"	0.598013212420426	0.448322867797068	0.551677132202932
"559"	"1280"	"1292"	0.669294853614212	0.40663567624213	0.59336432375787
"560"	"1280"	"28035"	0.455572718346639	0.521740971006381	0.478259028993619
"561"	"1280"	"29385"	0.495615896781708	0.50218726747016	0.49781273252984
"562"	"1280"	"45972"	0.71252504539847	0.3791272573962	0.6208727426038
"563"	"1280"	"38289"	0.515208100621788	0.492337231670636	0.507662768329364
"564"	"1280"	"43770"	0.466239962799949	0.516604315313012	0.483395684686988
"565"	"1280"	"1270"	0.516937305939643	0.491458387892788	0.508541612107212
"566"	"1280"	"71999"	0.585619316487994	0.455181657974048	0.544818342025952
"567"	"1280"	"2017484"	-0.548498698157515	0.879914398722261	0.120085601277739
"568"	"1280"	"33010"	-0.492037297086498	0.863723710768235	0.136276289231765
"569"	"1280"	"546874"	-0.522739005554765	0.872564898891413	0.127435101108587
"570"	"1280"	"2806262"	-0.49272464593623	0.863922637143	0.136077362857
"571"	"1280"	"1404411"	-0.465785740710001	0.856091624976556	0.143908375023444
"572"	"1280"	"108980"	0.512450240572888	0.49373563747572	0.50626436252428
"573"	"29382"	"29380"	0.46252252404901	0.518400171658435	0.481599828341565
"574"	"29382"	"29385"	0.707290050776881	0.382563687000687	0.617436312999313
"575"	"29382"	"45972"	0.47402694666049	0.51282211991075	0.48717788008925
"576"	"29382"	"401472"	0.560593410577663	0.468725180368165	0.531274819631835
"577"	"29382"	"38289"	0.598141497548917	0.448251325960718	0.551748674039282
"578"	"29382"	"1852390"	0.720264298757208	0.373989104950125	0.626010895049875
"579"	"29382"	"1414719"	0.650855564034656	0.417818403116321	0.582181596883679
"580"	"29382"	"187491"	0.50853533352578	0.495713963125016	0.504286036874984
"581"	"29382"	"43768"	-0.466373868649909	0.856263355706032	0.143736644293968
"582"	"29382"	"1270"	0.451971586164924	0.52346366341661	0.47653633658339
"583"	"29382"	"2806262"	-0.53649050178867	0.876496007346488	0.123503992653512
"584"	"29382"	"34029"	-0.451598503323605	0.85193852575277	0.14806147424723
"585"	"1292"	"28035"	0.462704622531417	0.518312346692891	0.481687653307109
"586"	"1292"	"45972"	0.803438643225437	0.313497493430619	0.686502506569381
"587"	"1292"	"1270"	0.560829964871385	0.468598994412395	0.531401005587605
"588"	"1292"	"71999"	0.724650574696317	0.371045432058989	0.628954567941011
"589"	"1292"	"33010"	-0.514947950868751	0.870329808425734	0.129670191574266
"590"	"1292"	"546874"	-0.489878040695995	0.863098499794779	0.136901500205221
"591"	"1292"	"2806262"	-0.453534258497382	0.852506380767142	0.147493619232858
"592"	"1292"	"108980"	0.462826371286719	0.518253619723626	0.481746380276374
"593"	"29380"	"29385"	0.592564002084904	0.451351303263376	0.548648696736624
"594"	"29380"	"1270"	0.513959946886018	0.492970614293581	0.507029385706419
"595"	"28035"	"29385"	0.581327362735786	0.457532860712875	0.542467139287125
"596"	"28035"	"33028"	0.502723498059199	0.498636391542375	0.501363608457625
"597"	"28035"	"45972"	0.576510758329528	0.460157169709694	0.539842830290306
"598"	"28035"	"38289"	0.614211278536335	0.439197405197062	0.560802594802938
"599"	"28035"	"43770"	0.492364076264407	0.503803495291365	0.496196504708635
"600"	"28035"	"1276"	0.595480155793793	0.44973316767068	0.55026683232932
"601"	"28035"	"33010"	-0.495469423533972	0.864716549955525	0.135283450044475
"602"	"28035"	"2806262"	-0.525300923805243	0.873298609813746	0.126701390186254
"603"	"28035"	"76731"	-0.50908385953621	0.868643730057441	0.131356269942559
"604"	"28035"	"2914710"	-0.478628710516061	0.85983391143757	0.14016608856243
"605"	"28035"	"34029"	-0.554360647108581	0.881578313908804	0.118421686091196
"606"	"28035"	"108980"	0.746267020677968	0.356183224845045	0.643816775154955
"607"	"29385"	"45972"	0.532674970915657	0.483386506371632	0.516613493628368
"608"	"29385"	"1288"	0.630911339061856	0.429586231703336	0.570413768296664
"609"	"29385"	"401472"	0.523625907694268	0.488044102671947	0.511955897328053
"610"	"29385"	"156976"	0.489397827301574	0.505273278879076	0.494726721120924
"611"	"29385"	"1270"	0.470741090579346	0.514421475747589	0.485578524252411
"612"	"29385"	"1276"	0.50385643884682	0.498068048138595	0.501931951861404
"613"	"29385"	"2806262"	-0.486352589005352	0.862076733535174	0.137923266464826
"614"	"29385"	"76731"	-0.518739437298554	0.871418222582749	0.128581777417251
"615"	"29385"	"2914710"	-0.493309187219126	0.864091773835143	0.135908226164857
"616"	"29385"	"215580"	-0.626680383026529	0.901853752840928	0.0981462471590725
"617"	"29385"	"34029"	-0.658028315724257	0.910502145995345	0.0894978540046549
"618"	"29385"	"2898431"	-0.459942340433808	0.854383503010741	0.145616496989259
"619"	"29385"	"1404411"	-0.617762448108665	0.899378243040342	0.100621756959658
"620"	"33028"	"1288"	0.465127983893933	0.517142154589078	0.482857845410922
"621"	"33028"	"2778078"	0.541429249593649	0.478837524848644	0.521162475151356
"622"	"33028"	"258224"	0.62598120438434	0.43244583222391	0.56755416777609
"623"	"33028"	"1276"	0.814558708255724	0.304500650035658	0.695499349964342
"624"	"33028"	"3016342"	-0.463274274047684	0.855357899959919	0.144642100040081
"625"	"33028"	"76731"	-0.571411994666215	0.886400585138067	0.113599414861933
"626"	"33028"	"215580"	-0.528625242580923	0.874249747663939	0.125750252336061
"627"	"33028"	"34029"	-0.576096948369851	0.887720943869708	0.112279056130292
"628"	"33028"	"2898431"	-0.482114774304896	0.860846901111021	0.139153098888979
"629"	"33028"	"1404411"	-0.460721308855523	0.854611405509991	0.145388594490009
"630"	"33028"	"287"	-0.55804486372887	0.882622474144203	0.117377525855797
"631"	"45972"	"71999"	0.689385263112607	0.394090558683783	0.605909441316216
"632"	"45972"	"2748629"	-0.465698121270779	0.856066037543477	0.143933962456523
"633"	"45972"	"1404411"	-0.482453813408303	0.860945356398506	0.139054643601494
"634"	"45972"	"108980"	0.610304226318382	0.441415775477961	0.558584224522039
"635"	"1288"	"401472"	0.478631799608329	0.510572326116326	0.489427673883674
"636"	"1288"	"156976"	0.460384526731542	0.519430203813977	0.480569796186023
"637"	"1288"	"76731"	-0.539308166551028	0.877299312250679	0.122700687749321
"638"	"1288"	"2914710"	-0.539474207601376	0.877346626938685	0.122653373061315
"639"	"1288"	"215580"	-0.561467038237225	0.88359126247299	0.11640873752701
"640"	"1288"	"3037797"	-0.481357964273452	0.860627086569279	0.139372913430721
"641"	"1288"	"34029"	-0.53929414091193	0.87729531541891	0.12270468458109
"642"	"1288"	"1768242"	-0.546653868686409	0.879390092247578	0.120609907752422
"643"	"1288"	"2898431"	-0.480725228537543	0.860443266153424	0.139556733846576
"644"	"1288"	"1404411"	-0.553709792417743	0.881393723717653	0.118606276282347
"645"	"1288"	"2010972"	-0.451301306975319	0.851851309494597	0.148148690505403
"646"	"1359"	"1358"	0.689443107584299	0.394053862064376	0.605946137935624
"647"	"1358"	"146827"	0.68824701435076	0.394811971480881	0.605188028519119
"648"	"1358"	"287"	0.494292997804409	0.502845404769493	0.497154595230507
"649"	"1358"	"108980"	-0.453356161588354	0.852454151725579	0.147545848274421
"650"	"33034"	"39791"	0.477968361631574	0.510897072984582	0.489102927015418
"651"	"29466"	"1768242"	0.517971698449936	0.490931920713078	0.509068079286922
"652"	"401472"	"38289"	0.529385463518277	0.485084805205091	0.514915194794909
"653"	"401472"	"1852390"	0.500533163049065	0.499733347371844	0.500266652628157
"654"	"401472"	"1414719"	0.634193374083494	0.427671968871298	0.572328031128702
"655"	"401472"	"38288"	0.477695193045701	0.511030726548952	0.488969273451048
"656"	"401472"	"1276"	0.516046688796079	0.491911227359125	0.508088772640875
"657"	"401472"	"164546"	-0.482945383292706	0.861088085881086	0.138911914118914
"658"	"401472"	"2898431"	-0.471272855887958	0.857692501974909	0.142307498025091
"659"	"401472"	"3015996"	-0.522783050590797	0.872577518215659	0.127422481784341
"660"	"38289"	"1852390"	0.657390469978223	0.413889798147875	0.586110201852125
"661"	"38289"	"43770"	0.623040802100333	0.434142371751288	0.565857628248712
"662"	"38289"	"1414719"	0.469051008174347	0.515242172102427	0.484757827897573
"663"	"38289"	"1717"	0.491081081745908	0.504439747766813	0.495560252233187
"664"	"38289"	"61592"	-0.47961326478683	0.860120126722666	0.139879873277334
"665"	"38289"	"1276"	0.503772902258177	0.498109976682772	0.501890023317228
"666"	"38289"	"2017484"	-0.542403152346084	0.878180833412482	0.121819166587518
"667"	"38289"	"33010"	-0.570989982127761	0.886281552929925	0.113718447070075
"668"	"38289"	"2806262"	-0.575885905774372	0.887661508057653	0.112338491942347
"669"	"38289"	"2082386"	-0.513292947326378	0.869854283005602	0.130145716994398
"670"	"1852390"	"43770"	0.544760744722737	0.47709498806698	0.52290501193302
"671"	"1852390"	"1414719"	0.519732014280324	0.490034685364044	0.509965314635956
"672"	"1852390"	"61592"	-0.698479886363246	0.921542154858704	0.0784578451412963
"673"	"1852390"	"1655"	-0.503254722447833	0.866964452110879	0.133035547889121
"674"	"1852390"	"2082386"	-0.654954973590355	0.909657895472346	0.0903421045276541
"675"	"43770"	"61592"	-0.472324731111491	0.85799904752613	0.14200095247387
"676"	"43770"	"1270"	0.512330342796522	0.4937963432446	0.5062036567554
"677"	"43770"	"2017484"	-0.605336011700882	0.895917410172635	0.104082589827365
"678"	"43770"	"33010"	-0.647023109702457	0.907475374239559	0.0925246257604406
"679"	"43770"	"546874"	-0.455012102391185	0.852939652727901	0.147060347272099
"680"	"43770"	"1655"	-0.538269592314617	0.877003304530438	0.122996695469562
"681"	"43770"	"477641"	-0.471095658093168	0.857640850849925	0.142359149150075
"682"	"43770"	"2806262"	-0.526624044421906	0.873677298669797	0.126322701330203
"683"	"43770"	"2082386"	-0.634888559230867	0.904126252033107	0.0958737479668929
"684"	"43770"	"639200"	-0.505012028843688	0.867471045293066	0.132528954706934
"685"	"43770"	"108980"	0.480660195540143	0.509578161060625	0.490421838939375
"686"	"2778078"	"258224"	0.53760759237978	0.480828663673569	0.519171336326431
"687"	"2778078"	"61592"	0.452680316420611	0.523125072797791	0.476874927202209
"688"	"1414719"	"187491"	0.52827822348284	0.485655112460046	0.514344887539954
"689"	"1414719"	"38288"	0.494495826251726	0.502744554295854	0.497255445704146
"690"	"1414719"	"43768"	-0.494485320365597	0.864431987019684	0.135568012980316
"691"	"1414719"	"3015996"	-0.546221143606949	0.879267065119281	0.120732934880719
"692"	"258224"	"1276"	0.614056090670166	0.439285732371218	0.560714267628782
"693"	"258224"	"2898431"	-0.545752443410778	0.879133790560566	0.120866209439434
"694"	"258224"	"28449"	0.466178528429554	0.516634044353663	0.483365955646337
"695"	"1717"	"38288"	-0.450295886399831	0.851556189103171	0.148443810896829
"696"	"1717"	"72000"	-0.532717375290939	0.875419149690861	0.124580850309139
"697"	"1717"	"2017484"	-0.467094939400568	0.856473858153466	0.143526141846534
"698"	"1717"	"33010"	-0.593728705847358	0.892672589992366	0.107327410007634
"699"	"1717"	"546874"	-0.47882552210638	0.859891133256525	0.140108866743475
"700"	"1717"	"477641"	-0.460380304197957	0.854511645385233	0.145488354614767
"701"	"1717"	"2806262"	-0.55500076530317	0.881759821409201	0.118240178590799
"702"	"1717"	"1197460"	0.540725928421475	0.479204586569518	0.520795413430482
"703"	"156976"	"34029"	-0.475825798462032	0.859018567454171	0.140981432545829
"704"	"156976"	"1768242"	-0.463537692711804	0.855434887268401	0.144565112731599
"705"	"187491"	"38288"	0.539444901586452	0.479872430138233	0.520127569861766
"706"	"187491"	"43768"	-0.56238367618627	0.883850574527807	0.116149425472193
"707"	"38290"	"39791"	0.466098745306717	0.516672650085759	0.483327349914241
"708"	"61592"	"2082386"	0.722370109806997	0.372578777034471	0.627421222965529
"709"	"319706"	"1828"	0.603264951153951	0.445384692623157	0.554615307376843
"710"	"319706"	"1270"	-0.521517496690535	0.872214852169617	0.127785147830383
"711"	"1828"	"1276"	-0.486663647179458	0.862166934873827	0.137833065126173
"712"	"1828"	"2759167"	0.546037504906512	0.476425490026241	0.523574509973759
"713"	"1828"	"43669"	0.622104415040453	0.434681253885849	0.565318746114151
"714"	"1828"	"556288"	0.749334845926494	0.354023413119462	0.645976586880538
"715"	"1828"	"2017484"	0.517032231601715	0.491410097778976	0.508589902221024
"716"	"1828"	"1331682"	0.470380188835649	0.514596837905341	0.485403162094659
"717"	"1828"	"33010"	0.464545701398936	0.517423568559195	0.482576431440805
"718"	"1828"	"2017486"	0.497546460287568	0.501225268573139	0.498774731426861
"719"	"1270"	"1276"	0.469181756508921	0.515178727962966	0.484821272037034
"720"	"1270"	"33010"	-0.573945521779523	0.887114852141346	0.112885147858654
"721"	"2856555"	"43669"	0.538523890810519	0.480352011128027	0.519647988871973
"722"	"2856555"	"556288"	0.538488145426568	0.480370614512083	0.519629385487917
"723"	"2856555"	"1331682"	0.531050493736027	0.48422593190781	0.51577406809219
"724"	"2856555"	"1351"	0.563522988196571	0.467160043134807	0.532839956865193
"725"	"71999"	"339"	0.468137600457459	0.515685175054772	0.484314824945228
"726"	"71999"	"108980"	0.548023603115097	0.475382160416702	0.524617839583298
"727"	"72000"	"2017484"	0.567405937092905	0.4650774467264	0.5349225532736
"728"	"72000"	"40324"	-0.488612285741133	0.862731790807877	0.137268209192123
"729"	"72000"	"1197460"	-0.637293098437329	0.904790887011283	0.095209112988717
"730"	"72000"	"28449"	-0.458370424913905	0.853923423063774	0.146076576936226
"731"	"1276"	"164546"	-0.502183362771412	0.86665545713721	0.13334454286279
"732"	"1276"	"76731"	-0.450360604912156	0.851575188962242	0.148424811037758
"733"	"1276"	"2914710"	-0.483893983649351	0.861363449320132	0.138636550679868
"734"	"1276"	"215580"	-0.498855033589343	0.865694817354633	0.134305182645367
"735"	"1276"	"34029"	-0.677013304989259	0.915700088726997	0.0842999112730034
"736"	"1276"	"2898431"	-0.462523074202132	0.855138314602419	0.144861685397581
"737"	"1276"	"1404411"	-0.472049276112276	0.857918782902052	0.142081217097948
"738"	"1276"	"28449"	0.458085248466854	0.520535662338877	0.479464337661123
"739"	"2759167"	"43669"	0.650185459501013	0.418219165330205	0.581780834669795
"740"	"2759167"	"556288"	0.779272731163838	0.332210226239472	0.667789773760528
"741"	"2759167"	"2017484"	0.515055956924578	0.492414481445978	0.507585518554022
"742"	"2759167"	"1331682"	0.667616062076876	0.407666492321312	0.592333507678688
"743"	"2759167"	"164546"	0.553275450977829	0.472612181932592	0.527387818067408
"744"	"2759167"	"1404411"	0.468353860913763	0.515580323075967	0.484419676924033
"745"	"43669"	"556288"	0.867629995912284	0.257264459348465	0.742735540651535
"746"	"43669"	"2017484"	0.594798091220733	0.450112157567015	0.549887842432985
"747"	"43669"	"1331682"	0.503870920023615	0.498060779411703	0.501939220588297
"748"	"43669"	"164546"	0.471112344807642	0.514241020919354	0.485758979080646
"749"	"43669"	"1351"	0.471232054584718	0.514182820315538	0.485817179684462
"750"	"556288"	"2017484"	0.540995216290106	0.479064079069749	0.520935920930251
"751"	"556288"	"1331682"	0.66336308971477	0.410266322213528	0.589733677786471
"752"	"556288"	"164546"	0.534530741862965	0.48242577570909	0.51757422429091
"753"	"556288"	"639200"	0.481770183052841	0.509033307823348	0.490966692176652
"754"	"556288"	"28449"	-0.501121321462359	0.866349040936261	0.133650959063739
"755"	"2017484"	"1331682"	0.450507745299476	0.52416231011993	0.47583768988007
"756"	"2017484"	"33010"	0.591747864914156	0.451803129186731	0.548196870813269
"757"	"2017484"	"546874"	0.504125632803367	0.497932910740309	0.502067089259691
"758"	"2017484"	"1197460"	-0.476848279321034	0.859316088328688	0.140683911671312
"759"	"1331682"	"40214"	-0.48737615148511	0.862373512894822	0.137626487105178
"760"	"33010"	"546874"	0.509748358167275	0.495101828835607	0.504898171164393
"761"	"546874"	"549"	0.568320628648021	0.464585498779277	0.535414501220723
"762"	"546874"	"46124"	-0.462142475441333	0.855027039175175	0.144972960824825
"763"	"2017486"	"215580"	0.467725422660395	0.515884956816733	0.484115043183267
"764"	"2017486"	"1197460"	-0.494885177139509	0.864547620764614	0.135452379235386
"765"	"2017486"	"28449"	-0.48506123032574	0.861702161516884	0.138297838483116
"766"	"1655"	"34073"	0.466580944863588	0.51643927771637	0.48356072228363
"767"	"1655"	"2082386"	0.489908386504963	0.505020600319946	0.494979399680054
"768"	"477641"	"2806262"	0.469457960176212	0.515044677588162	0.484955322411838
"769"	"477641"	"2082386"	0.522645781264727	0.488545913264696	0.511454086735304
"770"	"164546"	"76731"	0.499346093246652	0.500326846548008	0.499673153451992
"771"	"164546"	"2914710"	0.504068988461602	0.497961349674047	0.502038650325953
"772"	"164546"	"34029"	0.47036910215504	0.514602223977394	0.485397776022606
"773"	"164546"	"1768242"	0.521410859995625	0.489177442245845	0.510822557754155
"774"	"164546"	"1404411"	0.613736692666803	0.43946746599333	0.56053253400667
"775"	"2806262"	"2082386"	0.48452139620978	0.507680314661806	0.492319685338194
"776"	"2806262"	"69395"	0.503467561690069	0.49826320269007	0.50173679730993
"777"	"179636"	"3037797"	0.666056112688566	0.408622005838791	0.591377994161209
"778"	"179636"	"34029"	0.584355260386948	0.455875388463258	0.544124611536742
"779"	"179636"	"2898431"	0.568521209991214	0.464477550592483	0.535522449407517
"780"	"179636"	"1404411"	0.495695034182477	0.502147869565093	0.497852130434907
"781"	"76731"	"215580"	0.554883308907896	0.471760898704049	0.528239101295951
"782"	"76731"	"392593"	0.60166125672367	0.446283958526592	0.553716041473408
"783"	"76731"	"34029"	0.591118049138577	0.452151496105798	0.547848503894202
"784"	"76731"	"2898431"	0.533943000829195	0.482730255510676	0.517269744489324
"785"	"76731"	"1404411"	0.752326065427881	0.351904770195091	0.648095229804909
"786"	"2082386"	"639200"	0.490751053013725	0.504603283276216	0.495396716723784
"787"	"2914710"	"215580"	0.573762783374357	0.46164771017825	0.53835228982175
"788"	"2914710"	"34029"	0.502066247095047	0.498965806897103	0.501034193102897
"789"	"2914710"	"1768242"	0.504650270118614	0.497669433400016	0.502330566599984
"790"	"2914710"	"108980"	-0.484777857185216	0.861619944402756	0.138380055597244
"791"	"215580"	"34029"	0.54299499709334	0.478019352592895	0.521980647407105
"792"	"215580"	"1404411"	0.576609169918281	0.46010370031207	0.53989629968793
"793"	"392593"	"2898431"	0.485459029857026	0.507218380060785	0.492781619939215
"794"	"392593"	"3015996"	0.473571942886896	0.513043885604879	0.486956114395121
"795"	"392593"	"1404411"	0.513219719015567	0.493345862952368	0.506654137047632
"796"	"3037797"	"2898431"	0.486931096397162	0.506492301818516	0.493507698181484
"797"	"3037797"	"83637"	0.510200036363586	0.494873702896211	0.505126297103789
"798"	"3037797"	"2861282"	-0.502815736911238	0.86683785591979	0.13316214408021
"799"	"34029"	"1768242"	0.50812691829786	0.495919893582694	0.504080106417306
"800"	"34029"	"2898431"	0.578832819276431	0.45889387701492	0.54110612298508
"801"	"34029"	"1404411"	0.642256704966086	0.422932202033561	0.577067797966439
"802"	"1768242"	"1404411"	0.484638657731052	0.507622567597693	0.492377432402307
"803"	"1768242"	"2010972"	0.486036560334064	0.506933644408189	0.493066355591811
"804"	"2898431"	"1404411"	0.560371414971861	0.468843569342771	0.531156430657229
"805"	"3015996"	"83637"	0.51651898853511	0.491671135752797	0.508328864247203
"806"	"3015996"	"1404411"	0.494114354065819	0.502934213359054	0.497065786640946
"807"	"2748629"	"1351"	0.468902056852595	0.515314439516013	0.484685560483987
"808"	"287"	"40214"	0.466664217823544	0.51639896503404	0.48360103496596
"809"	"562"	"1351"	0.467849318528456	0.515824912868477	0.484175087131523
"810"	"562"	"1197460"	-0.520052178494364	0.871794751789194	0.128205248210806
"811"	"2663009"	"28449"	0.460324647504056	0.51945902268415	0.48054097731585
"812"	"1351"	"2892442"	0.489724355215272	0.505111692987169	0.494888307012831
"813"	"46124"	"28449"	0.549692794169401	0.474503533090429	0.525496466909571
